Fname,Lname,email,Gender,Salary,SSN,address,telephone,Company,Role
Andrew,Bower,andrew.bower@bookfetchinc.com,Male,50000,394-70-2351,"2312 M street, NW Suite 503",775-555-0105,bookfetchinc.com,Administrators
Anne,Stewart,anne.stewart@bookfetchinc.com,Female,20000,520-70-7858,201 Hospital Drive,775-555-0130,bookfetchinc.com,Customer Support
Anthony,Grant,anthony.grant@bookfetchinc.com,Male,50000,394-70-2355,"2315 M street, NW Suite 503",775-555-0105,bookfetchinc.com,Administrators
Austin,Morgan,austin.morgan@bookfetchinc.com,Male,20000,530-70-2952,2223 Canterbury Drive,775-555-0127,bookfetchinc.com,Customer Support
Benjamin,Dyer,benjamin.dyer@bookfetchinc.com,Male,60000,394-70-2354,308 Langdon Street,775-555-0106,bookfetchinc.com,Administrators
Benjamin,Vaughan,benjamin.vaughan@bookfetchinc.com,Male,50000,768-32-1434,2550 Livingston Road,775-555-0189,bookfetchinc.com,SuperAdministrators
Boris,McGrath,boris.mcgrath@bookfetchinc.com,Male,20000,394-70-1951,2 West Lakeshore Drive,775-555-0197,bookfetchinc.com,Customer Support
Caroline,Roberts,caroline.roberts@bookfetchinc.com,Female,20000,520-70-7859,1001 East 100 North,775-555-0143,bookfetchinc.com,Customer Support
Connor,Black,connor.black@bookfetchinc.com,Male,50000,394-70-2350,305 Langdon Street,775-555-0158,bookfetchinc.com,Administrators
Dan,Martin,dan.martin@bookfetchinc.com,Male,20000,530-70-2948,1 West Lakeshore Drive,775-555-0171,bookfetchinc.com,Customer Support
Dominic,Lambert,dominic.lambert@umbc.edu,Male,,,"1000 Hilltop Cir, Baltimore, MD 21250",775-555-0135,UMBC,College Rep
Donna,Scott,donna.scott@bookfetchinc.com,Female,50000,768-32-1433,102 South 1st Street,775-555-0112,bookfetchinc.com,Administrators
Heather,Powell,heather.powell@bookfetchinc.com,Female,50000,768-32-1432,"2311 M street, NW Suite 503",775-555-0104,bookfetchinc.com,Administrators
Jack,Chapman,jack.chapman@bookfetchinc.com,Male,60000,234-45-1936,104 South 1st Street,775-555-0197,bookfetchinc.com,Administrators
Jack,Allan,jack.allan@bookfetchinc.com,Male,20000,520-70-7855,2221 Canterbury Drive,775-555-0145,bookfetchinc.com,Customer Support
James,White,james.white@bookfetchinc.com,Male,50000,394-70-2352,103 South 1st Street,775-555-0199,bookfetchinc.com,Administrators
James,Bell,james.bell@bookfetchinc.com,Male,60000,768-32-1437,105 South 1st Street,775-555-0196,bookfetchinc.com,Administrators
Joan,Lawrence,joan.lawrence@bookfetchinc.com,Male,20000,520-70-7856,2222 Canterbury Drive,775-555-0142,bookfetchinc.com,Customer Support
Joshua,Vaughan,joshua.vaughan@bookfetchinc.com,Male,20000,530-70-2949,2 West Lakeshore Drive,775-555-0172,bookfetchinc.com,Customer Support
Joshua,Lee,joshua.lee@bookfetchinc.com,Male,20000,394-70-1952,3 West Lakeshore Drive,775-555-0127,bookfetchinc.com,Customer Support
Julian,Rees,julian.rees@bookfetchinc.com,Female,20000,394-70-1948,600 Caisson Hill Road,775-555-0193,bookfetchinc.com,Customer Support
Karen,Parsons,karen.parsons@bookfetchinc.com,Female,20000,530-70-2950,2221 Canterbury Drive,775-555-0191,bookfetchinc.com,Customer Support
Kevin,Carr,kevin.carr@bookfetchinc.com,Male,40000,530-70-2953,602 Caisson Hill Road,775-555-0172,bookfetchinc.com,Customer Support
Lauren,Mathis,lauren.mathis@bookfetchinc.com,Female,20000,520-70-7854,2220 Canterbury Drive,775-555-0175,bookfetchinc.com,Customer Support
Lauren,Tucker,lauren.tucker@bookfetchinc.com,Female,40000,520-70-7860,3 West Lakeshore Drive,775-555-0152,bookfetchinc.com,Customer Support
Lily,Randall,lily.randall@bookfetchinc.com,Female,50000,234-45-1933,2549 Livingston Road,775-555-0192,bookfetchinc.com,Administrators
Lucas,Rampling,lucas.rampling@bookfetchinc.com,Male,20000,530-70-2951,2222 Canterbury Drive,775-555-0188,bookfetchinc.com,Customer Support
Neil,Hodges,neil.hodges@bookfetchinc.com,Male,60000,394-70-2353,2551 Livingston Road,775-555-0175,bookfetchinc.com,Administrators
Nicola,Simpson,nicola.simpson@bookfetchinc.com,Female,20000,520-70-7857,601 Caisson Hill Road,775-555-0164,bookfetchinc.com,Customer Support
Nicola,Roberts,nicola.roberts@bookfetchinc.com,Female,40000,394-70-1954,2223 Canterbury Drive,775-555-0198,bookfetchinc.com,Customer Support
Patricia,Ferguson,patricia.ferguson@bookfetchinc.com,Female,50000,234-45-1932,101 South 1st Street,775-555-0118,bookfetchinc.com,Administrators
Peter,Rees,peter.rees@bookfetchinc.com,Male,50000,234-45-1935,"2313 M street, NW Suite 503",775-555-0150,bookfetchinc.com,Administrators
Peter,Clarkson,peter.clarkson@bookfetchinc.com,Male,20000,394-70-1949,200 Hospital Drive,775-555-0167,bookfetchinc.com,Customer Support
Phil,Skinner,phil.skinner@bookfetchinc.com,Male,60000,234-45-1937,2552 Livingston Road,775-555-0197,bookfetchinc.com,Administrators
Rachel,Ball,rachel.ball@bookfetchinc.com,Female,50000,234-45-1934,306 Langdon Street,775-555-0162,bookfetchinc.com,Administrators
Ruth,North,ruth.north@towson.edu,Female,,,"8000 York Rd, Towson, MD 21252",775-555-0100,Towson,College Rep
Ryan,Robertson,ryan.robertson@bookfetchinc.com,Male,20000,394-70-1950,1000 East 100 North,775-555-0141,bookfetchinc.com,Customer Support
Sean,Berry,sean.berry@bookfetchinc.com,Male,50000,234-45-1938,309 Langdon Street,775-555-0130,bookfetchinc.com,Administrators
Stephanie,Clarkson,stephanie.clarkson@bookfetchinc.com,Female,50000,768-32-1435,307 Langdon Street,775-555-0185,bookfetchinc.com,Administrators
Tracey,Ogden,tracey.ogden@bookfetchinc.com,Female,60000,768-32-1436,"2314 M street, NW Suite 503",775-555-0128,bookfetchinc.com,Administrators
Victor,Hill,victor.hill@bookfetchinc.com,Male,50000,394-70-2349,2548 Livingston Road,775-555-0176,bookfetchinc.com,Administrators
Victoria,Murray,victoria.murray@umcp.edu,Female,,,"College Park, MD 20742",775-555-0134,UMCP,College Rep
Zoe,Sharp,zoe.sharp@bookfetchinc.com,Female,40000,394-70-1953,2222 Canterbury Drive,775-555-0172,bookfetchinc.com,Customer Support